{
  "id": "7ce324c9-3efa-4a2b-b258-cb60cf29b348",
  "key": "20yearold_astrophotographer_captures_rare_solar_eclipse_on_saturn_20250710_133249",
  "title": "20-year-old astrophotographer captures rare solar eclipse on Saturn",
  "description": "A 20-year-old astrophotographer from Shoreline, Washington has photographed a rare solar eclipse on Saturn from his hometown, an event that will not be seen again until 2038. The photographer, Adam Smadi, planned the image days ahead and took the image on June 1, using the Stellarium software to pin...",
  "summary": "The photographer, Adam Smadi, planned the image days ahead and took the image on June 1, using the Stellarium software to pinpoint when Saturns largest moon, Titan, would cast a shadow across the planets surface. Smadi set up his 9.25-inch telescope at about 1 a.m. PDT (10:30 UTC), Saturn was high enough above the horizon to begin taking photos.",
  "type": "blog_post",
  "content": "<p>AccuracySpot checked</p>\n<p><strong>Thursday, July 10, 2025</strong><span> </span></p>\n<ul>\n<li>10 July 2025: 20-year-old astrophotographer captures rare solar eclipse on Saturn</li>\n<li>20 April 2025: Pop singer Katy Perry safely returns to Earth from outer space</li>\n<li>2 April 2025: NASA revises asteroid 2024 YR4 threat, near-zero chance of Earth impact</li>\n<li>17 February 2025: NASA's OSIRIS-REx arrives in Houston, US after returning asteroid samples to Earth</li>\n<li>17 February 2025: NASA says object that hit Florida home is from International Space Station</li>\n</ul>\n<ul>\n<li>Pillars of Wikinews writing</li>\n<li>Writing an article</li>\n</ul>\n<p>A 20-year-old astrophotographer from <span>Shoreline, Washington</span> has photographed a rare <span>solar eclipse</span> on <a href=\"/wiki/Saturn\">Saturn</a> from his hometown, an event that will not be seen again until 2038. The photographer, Adam Smadi, planned the image days ahead and took the image on June 1, using the <span>Stellarium software</span> to pinpoint when Saturn’s largest moon, <a href=\"/wiki/Titan_(moon)\">Titan</a>, would cast a shadow across the planet’s surface.</p>\n<p>Smadi set up his 9.25-inch <span>telescope</span> at about 1 a.m. PDT (08:00 UTC) so the optics could cool to the outdoor temperature. This step helps prevent air currents inside the telescope tube that can blur images. By 3:30 a.m. PDT (10:30 UTC), Saturn was high enough above the horizon to begin taking photos.</p>\n<p>He used a ZWO ASI662MC <span>astrophotography</span> camera with an <span>infrared filter</span>. He took continuous video clips, then used software to sort and combine thousands of sharp frames into a single image.</p>\n<p>The result shows Titan’s small dark shadow crossing Saturn’s pale surface. In the same view, three other moons, <span>Dione</span>, <span>Tethys</span>, and <span>Enceladus</span>, appear as tiny dots near the rings.</p>\n<p>Adam Smadi initially shared the photos on his <span>Instagram</span>. Some viewers from forums and social media praised the image for its clarity and the effort behind it.</p>\n<p>Have an opinion on this story? <a href=\"/wiki/Comments:20-year-old_astrophotographer_captures_rare_solar_eclipse_on_Saturn\">Share it!</a></p>\n<ul>\n<li>Solar eclipses on Saturn</li>\n</ul>\n<ul>\n<li>Nihal Sayyad. ‘Won’t happen again until 2038’: Astrophotographer captures a rare solar eclipse on Saturn — Wonders in Space, June 28, 2025</li>\n<li>Matt Growcott. This Photographer Captured a Solar Eclipse on Saturn — Peta Pixel, June 28, 2025</li>\n</ul>\n<p><b>Share this:</b> \n<span></span>\n<span></span>\n<span></span>\n<span></span>\n<span></span></p>\n<ul>\n<li>July 10, 2025</li>\n<li>Space</li>\n<li>Science and technology</li>\n<li>Published</li>\n</ul>\n<ul>\n<li>Pages with template loops</li>\n<li>Pages using the DynamicPageList extension</li>\n<li>Pages with defaulting non-local links</li>\n<li>Articles not disputed</li>\n</ul>",
  "url": "https://en.wikinews.org/wiki/20-year-old_astrophotographer_captures_rare_solar_eclipse_on_Saturn",
  "image": "https://upload.wikimedia.org/wikipedia/commons/thumb/4/45/Solar_Eclipse_on_Saturn.jpg/1200px-Solar_Eclipse_on_Saturn.jpg",
  "imageUrl": "https://upload.wikimedia.org/wikipedia/commons/thumb/4/45/Solar_Eclipse_on_Saturn.jpg/1200px-Solar_Eclipse_on_Saturn.jpg",
  "display": true,
  "tags": [],
  "author": "Unknown Author",
  "author_id": null,
  "owner_id": null,
  "created_date": "2025-07-10T13:32:49.343260",
  "updated_date": "2025-07-10T13:32:49.343263",
  "expire_date": null,
  "due_date": null,
  "custom": {},
  "category": "General",
  "parent_id": null,
  "child_ids": [],
  "priority": "low",
  "severity": null,
  "urgent": false,
  "important": false,
  "likes": 0,
  "usages": 0,
  "favorites": 0,
  "views": 0,
  "shares": 0,
  "approved_by": "",
  "reviewed_by": "",
  "source": "en.wikinews.org",
  "status": "active",
  "private": true,
  "shared_with": null,
  "conversations": null,
  "read_by": []
}