{
  "id": "483f10b9-79f8-437a-ae18-ad10ef80920c",
  "key": "main_page_20250710_100401",
  "title": "Main Page",
  "description": "People — Douglas Adams \n• Dante Alighieri  \n• Aristotle \n• Emily Brontë \n• Buddha\n• Confucius \n• Charles Darwin\n• Charles Dickens\n• Albert Einstein\n• T. S. Eliot \n• Ralph Waldo Emerson\n• Richard Feynman \n• Mahatma Gandhi\n• Jesus \n• John Keats\n• Helen Keller \n• John F. Kennedy\n• Martin Luther King, J...",
  "summary": "Browse: Categories Films Literary works Occupations Proverbs Television shows Themes Browse Wikiquote - Alphabetical index People Douglas Adams Dante Alighieri Aristotle Emily Brontë Buddha Confucius Charles Darwin Charles Dickens Albert Einstein T. Eliot Ralph Waldo Emerson Richard Feynman Mahatma Gandhi Jesus John Keats Helen Keller John F. Started in 2003, it currently contains 59,024 articles.",
  "type": "blog_post",
  "content": "<p><b>Browse</b>: \n<a href=\"/wiki/Category:Categories\">Categories</a> |\n<a href=\"/wiki/Category:Films\">Films</a> | \n<a href=\"/wiki/Category:Literary_works\">Literary works</a> | \n<a href=\"/wiki/Category:People_by_occupation\">Occupations</a> | \n<a href=\"/wiki/Category:Proverbs\">Proverbs</a> |\n<a href=\"/wiki/Category:Television_shows\">Television shows</a> |\n<a href=\"/wiki/Category:Themes\">Themes</a></p>\n<p><i>Browse Wikiquote - Alphabetical index</i></p>\n<p><b>Selected pages</b></p>\n<p><b>People</b> — <a href=\"/wiki/Douglas_Adams\">Douglas Adams</a> \n• <a href=\"/wiki/Dante_Alighieri\">Dante Alighieri</a>  \n• <a href=\"/wiki/Aristotle\">Aristotle</a> \n• <a href=\"/wiki/Emily_Bront%C3%AB\">Emily Brontë</a> \n• <a href=\"/wiki/Gautama_Buddha\">Buddha</a>\n• <a href=\"/wiki/Confucius\">Confucius</a> \n• <a href=\"/wiki/Charles_Darwin\">Charles Darwin</a>\n• <a href=\"/wiki/Charles_Dickens\">Charles Dickens</a>\n• <a href=\"/wiki/Albert_Einstein\">Albert Einstein</a>\n• <a href=\"/wiki/T._S._Eliot\">T. S. Eliot</a> \n• <a href=\"/wiki/Ralph_Waldo_Emerson\">Ralph Waldo Emerson</a>\n• <a href=\"/wiki/Richard_Feynman\">Richard Feynman</a> \n• <a href=\"/wiki/Mahatma_Gandhi\">Mahatma Gandhi</a>\n• <a href=\"/wiki/Jesus\">Jesus</a> \n• <a href=\"/wiki/John_Keats\">John Keats</a>\n• <a href=\"/wiki/Helen_Keller\">Helen Keller</a> \n• <a href=\"/wiki/John_F._Kennedy\">John F. Kennedy</a>\n• <a href=\"/wiki/Martin_Luther_King,_Jr.\">Martin Luther King, Jr.</a>\n• <a href=\"/wiki/Laozi\">Laozi</a>\n• <a href=\"/wiki/Timothy_Leary\">Timothy Leary</a>\n• <a href=\"/wiki/Muhammad\">Muhammad</a>\n• <a href=\"/wiki/Thomas_Paine\">Thomas Paine</a>\n• <a href=\"/wiki/Eleanor_Roosevelt\">Eleanor Roosevelt</a> \n• <a href=\"/wiki/Bertrand_Russell\">Bertrand Russell</a>\n• <a href=\"/wiki/William_Saroyan\">William Saroyan</a> \n• <a href=\"/wiki/William_Shakespeare\">William Shakespeare</a>\n• <a href=\"/wiki/George_Bernard_Shaw\">George Bernard Shaw</a>\n• <a href=\"/wiki/Percy_Bysshe_Shelley\">Percy Bysshe Shelley</a>\n• <a href=\"/wiki/Starhawk\">Starhawk</a>\n• <a href=\"/wiki/Leo_Tolstoy\">Leo Tolstoy</a>\n• <a href=\"/wiki/Virgil\">Virgil</a> \n• <a href=\"/wiki/Voltaire\">Voltaire</a> \n• <a href=\"/wiki/Anonymous\">Anonymous</a></p>\n<p><b>Literary works</b> — <i>American Gods</i>\n• <i>Dune</i> \n• <i>Fahrenheit 451</i>\n• <i>Leaves of Grass</i>\n• <i>The Little Prince</i>\n• <i>The Lord of the Rings</i> \n• <i>1984</i>\n• <i>Paradise Lost</i> \n• <i>Principia Discordia</i> \n• <i>The Prophet</i>\n• <i>Pride and Prejudice</i>\n• <i>A Tale of Two Cities</i></p>\n<p><b>Films</b> — <i>Casablanca</i>\n• <i>Fight Club</i> \n• <i>The Godfather</i>\n• <i>Groundhog Day</i> \n• <i>Harvey</i>\n• <i>The Hours</i> \n• <i>It's a Wonderful Life</i>\n• <i>Life of Brian</i> \n• <i>Magnolia</i>\n• <i>The Matrix</i>\n• <i>Memento</i>\n• <i>One Flew Over the Cuckoo's Nest</i>\n• <i>Schindler's List</i>\n• <i>Star Wars</i> \n• <i>Taxi Driver</i>\n• <i>Three Days of the Condor</i>\n• <i>United 93</i></p>\n<p><b>TV shows</b> — <i>Babylon 5</i> \n• <i>Blackadder</i>  \n• <i>Breaking Bad</i>\n• <i>Buffy</i> \n• <i>The Daily Show</i>\n• <i>Game of Thrones</i>\n• <i>Gilmore Girls</i> \n• <i>Mad Men</i>\n• <i>M*A*S*H</i> \n• <i>Monty Python's Flying Circus</i> \n• <i>MST3K</i> \n• <i>Red Dwarf</i> \n• <i>Seinfeld</i>\n• <i>The Simpsons</i> \n• <i>Star Trek</i>\n• <i>The X-Files</i>\n• <i>Twin Peaks</i> \n• <i>The West Wing</i>\n• <i>Wonderfalls</i></p>\n<p><b>Themes</b> — <a href=\"/wiki/Ability\">Ability</a> \n• <a href=\"/wiki/Art\">Art</a> \n• <a href=\"/wiki/Beauty\">Beauty</a>\n• <a href=\"/wiki/Computers\">Computers</a>\n• <a href=\"/wiki/Courage\">Courage</a>\n• <a href=\"/wiki/Dance\">Dance</a>\n• <a href=\"/wiki/Drugs\">Drugs</a>\n• <a href=\"/wiki/Education\">Education</a>\n• <a href=\"/wiki/Film\">Film</a>\n• <a href=\"/wiki/Flowers\">Flowers</a>\n• <a href=\"/wiki/Friendship\">Friendship</a>\n• <a href=\"/wiki/Hope\">Hope</a>\n• <a href=\"/wiki/Leadership\">Leadership</a>\n• <a href=\"/wiki/Love\">Love</a> \n• <a href=\"/wiki/Materialism\">Materialism</a> \n• <a href=\"/wiki/Memory\">Memory</a> \n• <a href=\"/wiki/Politics\">Politics</a> \n• <a href=\"/wiki/Quotations\">Quotations</a> \n• <a href=\"/wiki/Religion\">Religion</a> \n• <a href=\"/wiki/Science\">Science</a> \n• <a href=\"/wiki/Sexuality\">Sexuality</a>\n• <a href=\"/wiki/Sports\">Sports</a>\n• <a href=\"/wiki/Success\">Success</a> \n• <a href=\"/wiki/Television\">Television</a> \n• <a href=\"/wiki/War\">War</a></p>\n<p><b>Places</b> — <a href=\"/wiki/Brazil\">Brazil</a>\n• <a href=\"/wiki/California\">California</a>\n• <a href=\"/wiki/Canada\">Canada</a>\n• <a href=\"/wiki/China\">China</a>\n• <a href=\"/wiki/Cuba\">Cuba</a>\n• <a href=\"/wiki/Europe\">Europe</a>\n• <a href=\"/wiki/France\">France</a>\n• <a href=\"/wiki/Germany\">Germany</a>\n• <a href=\"/wiki/India\">India</a>\n• <a href=\"/wiki/Iran\">Iran</a>\n• <a href=\"/wiki/Iraq\">Iraq</a>\n• <a href=\"/wiki/Ireland\">Ireland</a>\n• <a href=\"/wiki/Italy\">Italy</a>\n• <a href=\"/wiki/Japan\">Japan</a>\n• <a href=\"/wiki/London\">London</a>\n• <a href=\"/wiki/Mexico\">Mexico</a>\n• <a href=\"/wiki/New_York_City\">New York City</a>\n• <a href=\"/wiki/North_Korea\">North Korea</a>\n• <a href=\"/wiki/Pakistan\">Pakistan</a>\n• <a href=\"/wiki/Russia\">Russia</a>\n• <a href=\"/wiki/South_Korea\">South Korea</a>\n• <a href=\"/wiki/Spain\">Spain</a>\n• <a href=\"/wiki/Sri_Lanka\">Sri Lanka</a>\n• <a href=\"/wiki/Turkey\">Turkey</a>\n• <a href=\"/wiki/United_Kingdom\">United Kingdom</a>\n• <a href=\"/wiki/Vietnam\">Vietnam</a></p>\n<p><b>Miscellaneous</b> — <a href=\"/wiki/Epitaphs\">Epitaphs</a> \n• <a href=\"/wiki/Category:Holidays_and_observances\">Holidays</a> \n• <a href=\"/wiki/Last_words\">Last words</a> \n• <a href=\"/wiki/Category:Proverbs\">Proverbs</a> \n• <a href=\"/wiki/List_of_advertising_slogans\">Slogans</a> \n• <a href=\"/wiki/List_of_theatrical_plays_and_musicals\">Theatrical plays and musicals</a></p>\n<p><b>Main categories</b></p>\n<p><b>People</b></p>\n<ul>\n<li>Authors</li>\n<li>By occupation</li>\n<li>By nationality</li>\n</ul>\n<p><b>Productions</b></p>\n<ul>\n<li>Films</li>\n<li>Literary works</li>\n<li>Television</li>\n</ul>\n<p><b>Browse Wikiquote</b></p>\n<ul>\n<li>Lists</li>\n<li>Proverbs</li>\n<li>Themes</li>\n</ul>\n<p><b>New pages</b></p>\n<p><b>Community</b></p>\n<p><a href=\"/wiki/Wikiquote:Policies_and_guidelines\">Policy</a> \n• <a href=\"/wiki/Wikiquote:How_to_edit_a_page\">How to edit a page</a> \n• <a href=\"/wiki/Wikiquote:Guide_to_layout\">Guide to layout</a> and <a href=\"/wiki/Wikiquote:Manual_of_style\">style</a>\n• <a href=\"/wiki/Wikiquote:Public_domain_resource\">Public domain</a> and <a href=\"/wiki/Wikiquote:Shared_resources\">shared</a> \n• <b>Requested entries</b></p>\n<p><a href=\"/wiki/Wikiquote:About\">About page</a> \n• <a href=\"/wiki/Wikiquote:Template\">Templates</a> \n• <a href=\"/wiki/Wikiquote:Spellings\">Spellings</a> \n• <a href=\"/wiki/Wikiquote:Community_portal\">Community portal</a> \n• <a href=\"/wiki/Wikiquote:What_Wikiquote_is_not\">What Wikiquote is not</a> \n• <a href=\"/wiki/Wikiquote:Village_pump\">Village pump</a> \n• <a href=\"/wiki/Wikiquote:Reference_desk\">Reference desk</a> \n• <a href=\"/wiki/Wikiquote:Requests\">Requests</a> \n• <a href=\"/wiki/Wikiquote:Wikiquotians\">Wikiquotians</a> \n• <a href=\"/wiki/Wikiquote:Utilities\">Utilities</a> \n• <a href=\"/wiki/Wikiquote:FAQ\">FAQ</a> \n• <a href=\"/wiki/Wikiquote:History_of_Wikiquote\">History of Wikiquote</a> \n• <a href=\"/wiki/Wikiquote:Wikiquote\">Wikiquote</a> \n• <a href=\"/wiki/Wikiquote:Other_language_Wikiquotes\">Other language Wikiquotes</a> \n• <a href=\"https://meta.wikimedia.org/wiki/MediaWiki\">Software</a> \n• <a href=\"https://en.wikipedia.org/wiki/en:Wikimedia\">Wikimedia</a></p>\n<p><b>Wikiquote</b> is run by the non-profit <b>Wikimedia Foundation</b>, which operates\nseveral other  <a href=\"https://en.wikipedia.org/wiki/Multilingual_coordination\">multilingual</a> and <a href=\"https://en.wikipedia.org/wiki/Copyrights\">free-content</a>\nprojects:</p>\n<p>This Wikiquote is written in <a href=\"https://en.wikipedia.org/wiki/English_language\">English</a>. Started in 2003, it currently contains <a href=\"/wiki/Special:Statistics\">59,024</a> articles. <a href=\"/wiki/Wikiquote:Other_language_Wikiquotes#Active_Wikiquotes\">Many other Wikiquote projects</a> are available:</p>\n<p><a href=\"https://af.wikiquote.org/wiki/\">Afrikaans</a> –\n<a href=\"https://sq.wikiquote.org/wiki/\">Albanian</a> –\n<a href=\"https://ar.wikiquote.org/wiki/\">العربية (Arabic)</a> –\n<a href=\"https://hy.wikiquote.org/wiki/\">Հայերեն (Armenian)</a> –\n<a href=\"https://az.wikiquote.org/wiki/\">Azeri</a> –\n<a href=\"https://eu.wikiquote.org/wiki/\">Basque</a> –\n<a href=\"https://bn.wikiquote.org/wiki/\">Bengali</a> –\n<a href=\"https://bs.wikiquote.org/wiki/\">Bosnian</a> –\n<a href=\"https://bg.wikiquote.org/wiki/\">Български (Bulgarian)</a> –\n<a href=\"https://ca.wikiquote.org/wiki/\">Catalan</a> –\n<a href=\"https://zh.wikiquote.org/wiki/\">中文 (Chinese)</a> –\n<a href=\"https://hr.wikiquote.org/wiki/\">Croatian</a> –\n<a href=\"https://cs.wikiquote.org/wiki/\">Czech</a> –\n<a href=\"https://da.wikiquote.org/wiki/\">Danish</a> –\n<a href=\"https://nl.wikiquote.org/wiki/\">Dutch</a> –\n<a href=\"https://eo.wikiquote.org/wiki/\">Esperanto</a> –\n<a href=\"https://et.wikiquote.org/wiki/\">Estonian</a> –\n<a href=\"https://fi.wikiquote.org/wiki/\">Finnish</a> –\n<a href=\"https://fr.wikiquote.org/wiki/\">French</a> –\n<a href=\"https://gl.wikiquote.org/wiki/\">Galician</a> –\n<a href=\"https://ka.wikiquote.org/wiki/\">ქართულ (Georgian)</a> –\n<a href=\"https://de.wikiquote.org/wiki/\">German</a> –\n<a href=\"https://el.wikiquote.org/wiki/\">Ελληνικά (Greek)</a> –\n<a href=\"https://he.wikiquote.org/wiki/\">עברית (Hebrew)</a> –\n<a href=\"https://hu.wikiquote.org/wiki/\">Hungarian</a> –\n<a href=\"https://is.wikiquote.org/wiki/\">Icelandic</a> –\n<a href=\"https://id.wikiquote.org/wiki/\">Indonesian</a> –\n<a href=\"https://it.wikiquote.org/wiki/\">Italian</a> –\n<a href=\"https://ja.wikiquote.org/wiki/\">日本語 (Japanese)</a> –\n<a href=\"https://ko.wikiquote.org/wiki/\">한국어 (Korean)</a> –\n<a href=\"https://ku.wikiquote.org/wiki/\">Kurdish</a> –\n<a href=\"https://li.wikiquote.org/wiki/\">Limburgian</a> –\n<a href=\"https://lt.wikiquote.org/wiki/\">Lithuanian</a> –\n<a href=\"https://ml.wikiquote.org/wiki/\">മലയാളം (Malayalam)</a> –\n<a href=\"https://no.wikiquote.org/wiki/\">Norwegian (Bokmål)</a> –\n<a href=\"https://nn.wikiquote.org/wiki/\">Norwegian (Nynorsk)</a> –\n<a href=\"https://fa.wikiquote.org/wiki/\">فارسی (Persian)</a> –\n<a href=\"https://pl.wikiquote.org/wiki/\">Polish</a> –\n<a href=\"https://pt.wikiquote.org/wiki/\">Portuguese</a> –\n<a href=\"https://ro.wikiquote.org/wiki/\">Romanian</a> –\n<a href=\"https://ru.wikiquote.org/wiki/\">Русский (Russian)</a> –\n<a href=\"https://sr.wikiquote.org/wiki/\">Српски (Serbian)</a> –\n<a href=\"https://sk.wikiquote.org/wiki/\">Slovak</a> –\n<a href=\"https://sl.wikiquote.org/wiki/\">Slovenian</a> –\n<a href=\"https://es.wikiquote.org/wiki/\">Spanish</a> –\n<a href=\"https://sv.wikiquote.org/wiki/\">Swedish</a> –\n<a href=\"https://ta.wikiquote.org/wiki/\">தமிழ் (Tamil)</a> –\n<a href=\"https://te.wikiquote.org/wiki/\">తెలుగు (Telugu)</a> –\n<a href=\"https://th.wikiquote.org/wiki/\">ไทย (Thai)</a> –\n<a href=\"https://tr.wikiquote.org/wiki/\">Turkish</a> –\n<a href=\"https://uk.wikiquote.org/wiki/\">Українська (Ukrainian)</a> –\n<a href=\"https://vi.wikiquote.org/wiki/Trang_Ch%C3%ADnh\">Vietnamese</a> –\n<a href=\"https://cy.wikiquote.org/wiki/\">Welsh</a></p>\n<ul>\n<li>Main page</li>\n</ul>\n<ul>\n<li>Afrikaans</li>\n<li>አማርኛ</li>\n<li>العربية</li>\n<li>অসমীয়া</li>\n<li>Asturianu</li>\n<li>Azərbaycanca</li>\n<li>Bikol Central</li>\n<li>Беларуская</li>\n<li>Български</li>\n<li>Banjar</li>\n<li>Bamanankan</li>\n<li>বাংলা</li>\n<li>Brezhoneg</li>\n<li>Bosanski</li>\n<li>Català</li>\n<li>Corsu</li>\n<li>Čeština</li>\n<li>Cymraeg</li>\n<li>Dansk</li>\n<li>Deutsch</li>\n<li>Ελληνικά</li>\n<li>Esperanto</li>\n<li>Español</li>\n<li>Eesti</li>\n<li>Euskara</li>\n<li>فارسی</li>\n<li>Suomi</li>\n<li>Français</li>\n<li>Gaeilge</li>\n<li>Galego</li>\n<li>Bahasa Hulontalo</li>\n<li>ગુજરાતી</li>\n<li>Gungbe</li>\n<li>עברית</li>\n<li>हिन्दी</li>\n<li>Hrvatski</li>\n<li>Magyar</li>\n<li>Հայերեն</li>\n<li>Bahasa Indonesia</li>\n<li>Igbo</li>\n<li>Íslenska</li>\n<li>Italiano</li>\n<li>日本語</li>\n<li>ქართული</li>\n<li>Қазақша</li>\n<li>ಕನ್ನಡ</li>\n<li>한국어</li>\n<li>Kanuri</li>\n<li>Kurdî</li>\n<li>Kernowek</li>\n<li>Кыргызча</li>\n<li>Latina</li>\n<li>Lëtzebuergesch</li>\n<li>Limburgs</li>\n<li>Lietuvių</li>\n<li>മലയാളം</li>\n<li>मराठी</li>\n<li>Plattdüütsch</li>\n<li>Nederlands</li>\n<li>Norsk nynorsk</li>\n<li>Norsk bokmål</li>\n<li>Polski</li>\n<li>Português</li>\n<li>Runa Simi</li>\n<li>Română</li>\n<li>Русский</li>\n<li>संस्कृतम्</li>\n<li>Саха тыла</li>\n<li>Slovenčina</li>\n<li>Slovenščina</li>\n<li>Shqip</li>\n<li>Српски / srpski</li>\n<li>Sunda</li>\n<li>Svenska</li>\n<li>தமிழ்</li>\n<li>తెలుగు</li>\n<li>ไทย</li>\n<li>Türkmençe</li>\n<li>Tagalog</li>\n<li>Türkçe</li>\n<li>Татарча / tatarça</li>\n<li>ئۇيغۇرچە / Uyghurche</li>\n<li>Українська</li>\n<li>اردو</li>\n<li>Oʻzbekcha / ўзбекча</li>\n<li>Tiếng Việt</li>\n<li>Volapük</li>\n<li>中文</li>\n<li>閩南語 / Bân-lâm-gú</li>\n</ul>",
  "url": "https://en.wikiquote.org/wiki/Main_Page",
  "image": "https://upload.wikimedia.org/wikipedia/commons/8/83/Stamp_of_India_-_2015_-_Colnect_567031_-_International_Day_of_Yoga_Miniature_Sheet.jpeg",
  "imageUrl": "https://upload.wikimedia.org/wikipedia/commons/8/83/Stamp_of_India_-_2015_-_Colnect_567031_-_International_Day_of_Yoga_Miniature_Sheet.jpeg",
  "display": true,
  "tags": [],
  "author": "Unknown Author",
  "author_id": null,
  "owner_id": null,
  "created_date": "2025-07-10T10:04:01.125350",
  "updated_date": "2025-07-10T10:04:01.125354",
  "expire_date": null,
  "due_date": null,
  "custom": {},
  "category": "General",
  "parent_id": null,
  "child_ids": [],
  "priority": "high",
  "severity": null,
  "urgent": true,
  "important": true,
  "likes": 0,
  "usages": 0,
  "favorites": 0,
  "views": 0,
  "shares": 0,
  "approved_by": "",
  "reviewed_by": "",
  "source": "en.wikiquote.org",
  "status": "active",
  "private": true,
  "shared_with": null,
  "conversations": null,
  "read_by": []
}