{
  "title": "Economic Growth in 2025",
  "description": "Countries are experiencing economic growth in 2025.",
  "summary": "Economic trends",
  "type": "news",
  "content": "Global economies are showing positive growth trends this year.",
  "url": "http://example.com/economic-growth",
  "image": "economic_growth.jpg",
  "imageUrl": "http://example.com/images/economic_growth.jpg",
  "display": "public",
  "tags": [],
  "author": "Suresh Kotinadhuni",
  "created_date": "2025-06-14T00:00:00",
  "updated_date": "2025-06-14T00:00:00",
  "expire_date": "2025-12-31",
  "due_date": "2025-06-20",
  "custom": {
    "default": [
      {
        "column": "name1",
        "value": true
      }
    ],
    "group1": [
      {
        "column": "mane2",
        "value": true
      }
    ],
    "group2": [
      {
        "column": "mane3",
        "value": true
      }
    ]
  },
  "category": "economy",
  "parent_id": null,
  "likes": 0,
  "usages": 0,
  "favorites": 0,
  "views": 0,
  "shares": 0,
  "approved_by": "Editor",
  "reviewed_by": "Reviewer",
  "source": "Economic Times",
  "status": "published",
  "private": true,
  "shared_with": null,
  "conversations": null,
  "author_id": "32460d90-c2a5-4dde-8245-7d8e8a15bbf8",
  "id": "e0c3933c-3d8e-4313-a76c-f25608af5062"
}