﻿first_name,last_name,user_id,manager_id,designation,organization_id,portfolio_id,costcenter_id
Bill,L,,,Senior Vice President,CIO,ITS,
Sridevi,M,,Bill,Vice President,FST,ITS,
Reza,R,,Sridevi,Senior Director,FST,Forecasting,
Suresh,Kotinadhuni,,Sridevi,Principal,FST,Forecasting,
Dave,H,,Sridevi,Senior Director,FST,FP&A,
Anatoly,N,,Sridevi,Senior Director,FST,Forecasting,
Oliver,M,,Sridevi,Senior Director,FST,Architecture,
Santanu,L,,Oliver,Advisor,FST,Architecture,
Bala,V,,Reza,Advisor,FST,Forecasting,
Neetha,M,,Dave,Advisor,FST,FP&A,
Anbu,A,,Dave,Manager,FST,FP&A,
Murthuza,B,,Anatoly,Principal,FST,Forecasting,
Vijay,G,,Jatinder,Lead Assossiate,FST,Forecasting,
Krishna,K,,Jatinder,Assossiate,FST,Forecasting,
Raju,M,,Jatinder,Assossiate,FST,Forecasting,
System,C,,Catalog,Service,FST,FST,