table_name,column_name,data_type,description,nullable,primary_key,foreign_key_table,foreign_key_column,relationship_type,default_value,constraints,business_rules,sample_values,data_quality_notes,category,owner,indexes,usage_patterns
expenses,expense_id,SERIAL,"Unique identifier for each expense transaction",false,true,,,,,"auto_increment","Must be unique|Auto-generated","1|2|3",,"transactional","Finance Team","PRIMARY KEY (expense_id)","Daily expense entry|Monthly reporting|Audit trail"
expenses,amount,DECIMAL(10,2),"Monetary amount of the expense in dollars",false,false,,,,,"Must be positive|Maximum 999999.99","150.50|299.99|75.25",,"transactional","Finance Team",,"Daily expense entry|Monthly reporting|Audit trail"
expenses,date,DATE,"Date when the expense was incurred",false,false,,,,,"Cannot be future date|Must be within current fiscal year","2024-01-15|2024-02-20",,"transactional","Finance Team","INDEX (date)","Daily expense entry|Monthly reporting|Audit trail"
expenses,description,VARCHAR(500),"Detailed description of what the expense was for",false,false,,,,,"Minimum 5 characters|Should be descriptive enough for audit purposes","Office supplies for Q1|Team lunch meeting|Software license renewal",,"transactional","Finance Team",,"Daily expense entry|Monthly reporting|Audit trail"
expenses,category_id,INTEGER,"Reference to the expense category",false,false,categories,category_id,many-to-one,,"Must reference existing category","1|2|3",,"transactional","Finance Team","INDEX (category_id)","Daily expense entry|Monthly reporting|Audit trail"
expenses,vendor_id,INTEGER,"Reference to the vendor/supplier",false,false,vendors,vendor_id,many-to-one,,"Must reference existing vendor","1|2|5",,"transactional","Finance Team","INDEX (vendor_id)","Daily expense entry|Monthly reporting|Audit trail"
expenses,department_id,INTEGER,"Reference to the department that incurred the expense",false,false,departments,department_id,many-to-one,,"Must reference existing department","1|3|4",,"transactional","Finance Team","INDEX (department_id)","Daily expense entry|Monthly reporting|Audit trail"
categories,category_id,SERIAL,"Unique identifier for each category",false,true,,,,,"auto_increment","Must be unique|Auto-generated","1|2|3",,"dimension","Finance Team","PRIMARY KEY (category_id)","Expense classification|Reporting by category|Budget allocation"
categories,category_name,VARCHAR(100),"Human-readable name of the category",false,false,,,,,"unique","Must be descriptive and unique","Office Supplies|Travel|Software|Marketing",,"dimension","Finance Team","UNIQUE INDEX (category_name)","Expense classification|Reporting by category|Budget allocation"
categories,category_type,VARCHAR(50),"Type classification (expense, income, etc.)",false,false,,,,,"Limited to predefined values","expense|income",,"dimension","Finance Team","INDEX (category_type)","Expense classification|Reporting by category|Budget allocation"
categories,parent_category_id,INTEGER,"Reference to parent category for hierarchy",true,false,categories,category_id,many-to-one,,,"Self-referencing foreign key|Can be null for root categories",,,"dimension","Finance Team","INDEX (parent_category_id)","Expense classification|Reporting by category|Budget allocation"
vendors,vendor_id,SERIAL,"Unique identifier for each vendor",false,true,,,,,"auto_increment","Must be unique|Auto-generated","1|2|3",,"dimension","Procurement Team","PRIMARY KEY (vendor_id)","Vendor selection|Vendor performance analysis|Spend analysis"
vendors,vendor_name,VARCHAR(200),"Full legal name of the vendor",false,false,,,,,"unique","Must match legal entity name","Office Depot|American Airlines|Microsoft Corporation",,"dimension","Procurement Team","UNIQUE INDEX (vendor_name)","Vendor selection|Vendor performance analysis|Spend analysis"
vendors,vendor_type,VARCHAR(50),"Classification of vendor type",false,false,,,,,"Limited to approved vendor types","Office Supplies|Travel|Software|Consulting",,"dimension","Procurement Team","INDEX (vendor_type)","Vendor selection|Vendor performance analysis|Spend analysis"
departments,department_id,SERIAL,"Unique identifier for each department",false,true,,,,,"auto_increment","Must be unique|Auto-generated","1|2|3",,"dimension","HR Team","PRIMARY KEY (department_id)","Department-level budgeting|Expense approval|Budget vs actual analysis"
departments,department_name,VARCHAR(100),"Name of the department",false,false,,,,,"unique","Must be unique within organization","Engineering|Marketing|Sales|Finance",,"dimension","HR Team","UNIQUE INDEX (department_name)","Department-level budgeting|Expense approval|Budget vs actual analysis"
departments,manager_id,INTEGER,"Employee ID of the department manager",true,false,,,,,"Must reference valid employee if provided","101|205|308",,"dimension","HR Team",,"Department-level budgeting|Expense approval|Budget vs actual analysis"
departments,budget_amount,DECIMAL(12,2),"Annual budget allocated to the department",false,false,,,,,"Must be positive|Updated annually","500000.00|250000.00|300000.00",,"dimension","HR Team",,"Department-level budgeting|Expense approval|Budget vs actual analysis"
