{
  "sharepoint": {
    "site_url": "",
    "list_name": "Assets",
    "client_id": "",
    "client_secret": "",
    "tenant_id": "",
    "enabled": false,
    "sync_interval": 3600,
    "field_mappings": {
      "AssetID": "asset_id",
      "AssetName": "asset_name",
      "Business": "business",
      "Block": "block",
      "Capability": "capability",
      "AssetType": "asset_type",
      "AssetStatus": "asset_status",
      "SizeAttributes": "size_attributes",
      "Description": "description",
      "Location": "location",
      "Owner": "owner",
      "ContactPerson": "contact_person",
      "ContactEmail": "contact_email",
      "Cost": "cost",
      "Currency": "currency",
      "PurchaseDate": "purchase_date",
      "InstallationDate": "installation_date",
      "WarrantyExpiry": "warranty_expiry",
      "EndOfLife": "end_of_life",
      "Vendor": "vendor",
      "Model": "model",
      "Version": "version",
      "Specifications": "specifications",
      "Dependencies": "dependencies",
      "Tags": "tags",
      "ComplianceRequirements": "compliance_requirements",
      "RiskLevel": "risk_level",
      "Criticality": "criticality",
      "CustomFields": "custom_fields"
    }
  },
  "database": {
    "connection_string": "sqlite+aiosqlite:///./app.db",
    "echo": false
  },
  "api": {
    "title": "Asset Management API",
    "description": "API for managing organizational assets with SharePoint integration",
    "version": "1.0.0",
    "host": "localhost",
    "port": 8000
  },
  "security": {
    "secret_key": "your-super-secret-key-change-in-production",
    "access_token_expire_minutes": 30,
    "algorithm": "HS256"
  },
  "logging": {
    "level": "INFO",
    "format": "%(asctime)s - %(name)s - %(levelname)s - %(message)s"
  }
}