﻿first_name,last_name,user_id,manager_id,designation,organization_id,portfolio_id,costcenter_id
Bill,L,,,Senior Vice President,CIO,ITS,
Sridevi,M,,Bill,Vice President,FST,ITS,
Reza,R,,Sridevi,Senior Director,FST,Forecasting,
Suresh,Kotinadhuni,,Sridevi,Principal,FST,Forecasting,
Dave,H,,Sridevi,Senior Director,FST,MRP,
Farhad,H,,Dave,Advisor,FST,MRP,
Sheel,R,,Reza,Assossiate,FST,MRP,
Anatoly,M,,Sridevi,Senior Director,FST,Forecasting,
Jatinder,P,,Anatoly,Manager,FST,Forecasting,
Neetha,M,,Dave,Advisor,FST,Forecasting,
Murthuza,B,,Anatoly,Principal,FST,Forecasting,
Vijay,G,,Jatinder,Lead Assossiate,FST,Forecasting,
Krishna,K,,Jatinder,Assossiate,FST,Forecasting,
Madhu,K,,Sheel,Assossiate,FST,MRP,
Raju,M,,Jatinder,Assossiate,FST,Forecasting,
Brad,M,,Sheel,Assossiate,FST,MRP,
Lakshmi,K,,Sheel,Lead Assossiate,FST,MRP,